{
  "bindings": [
    {
      "name": "myBlob",
      "type": "blobTrigger",
      "direction": "in",
      "path": "outcontainer/{filename}.lic",
      "connection": "AzureWebJobsStorage"
    },
    {
      "type": "blob",
      "name": "outputBlob",
      "path": "outcontainer/{filename}.lic",
      "connection": "AzureWebJobsStorage",
      "direction": "in"
    },
    {
      "type": "sendGrid",
      "name": "message",
      "apiKey": "SendGridApiKey",
      "direction": "out"
    }
  ]
}