{
  "bindings": [
    {
      "authLevel": "function",
      "name": "req",
      "type": "httpTrigger",
      "direction": "in",
      "methods": [
        "get",
        "post"
      ],
      "route": "Sample"
    },
    {
      "name": "$return",
      "type": "http",
      "direction": "out"
    },
    {
      "type": "queue",
      "name": "outputQueueItem",
      "queueName": "outqueue",
      "connection": "AzureWebJobsStorage",
      "direction": "out"
    }
  ]
}